file_name,test_type,operation_type,vector_size,ipc,cycles_per_instruction,branch_miss_rate,branch_accuracy,instructions_per_ms,cycles_per_ms
elementwise_50_1,scalar,elementwise,N/A,0.28718435827845834,3.4820837945163596,10.23537293098387,89.76462706901613,514850.2392344498,1792751.6746411484
elementwise_50_2,scalar,elementwise,N/A,0.28827937866973524,3.4688572058622387,10.287668962191649,89.71233103780834,516703.3653846154,1792370.1923076923
elementwise_50_3,scalar,elementwise,N/A,0.28725467222998263,3.4812314530410045,10.23382133883029,89.7661786611697,514986.60287081345,1792787.5598086126
elementwise_55_1,scalar,elementwise,N/A,0.28600568464114495,3.496434000095883,10.20497925940531,89.7950207405947,511440.8653846154,1788219.2307692308
elementwise_55_2,scalar,elementwise,N/A,0.2845211231366954,3.514677535978795,10.41603239359435,89.58396760640565,509314.42307692306,1790075.9615384615
elementwise_55_3,scalar,elementwise,N/A,0.2857293204256756,3.4998158344765375,10.207591484203348,89.79240851579665,511663.4615384615,1790727.8846153845
elementwise_60_1,scalar,elementwise,N/A,0.2854691389809621,3.5030056263514,10.23250530142381,89.76749469857619,512083.09178743965,1793829.9516908214
elementwise_60_2,scalar,elementwise,N/A,0.2849719660677673,3.5091171029861816,10.332252219329101,89.66774778067091,510030.43478260876,1789756.5217391306
elementwise_60_3,scalar,elementwise,N/A,0.28687892874798404,3.485791042110573,10.356453618313157,89.64354638168685,513502.92682926834,1789963.9024390245
elementwise_65_1,scalar,elementwise,N/A,0.28195576138140777,3.5466556707358006,10.525911708253359,89.47408829174664,503772.9468599034,1786709.1787439615
elementwise_65_2,scalar,elementwise,N/A,0.2813903325803287,3.553782359294555,10.389749228748588,89.61025077125142,503882.6923076923,1790689.423076923
elementwise_65_3,scalar,elementwise,N/A,0.28546543789329515,3.503051043166187,10.183308699163454,89.81669130083655,512020.00000000006,1793632.1951219514
elementwise_70_1,scalar,elementwise,N/A,0.2809294256432582,3.559612873269683,10.442776822279981,89.55722317772002,501830.0970873786,1786320.8737864078
elementwise_70_2,scalar,elementwise,N/A,0.2798126910549616,3.573819315449052,10.386905680170312,89.61309431982968,502022.81553398055,1794138.8349514562
elementwise_70_3,scalar,elementwise,N/A,0.28065271895498806,3.5631224373079498,10.656473428456467,89.34352657154353,503234.14634146343,1793084.8780487806
elementwise_75_1,scalar,elementwise,N/A,0.2782838047402547,3.5934538157309683,10.423215695990832,89.57678430400917,497836.8932038835,1788953.8834951455
elementwise_75_2,scalar,elementwise,N/A,0.28033314488095695,3.5671843242961816,10.367718181534526,89.63228181846547,501469.45812807884,1788833.9901477834
elementwise_75_3,scalar,elementwise,N/A,0.2788723279482012,3.585870306162983,10.648050702776024,89.35194929722398,499781.862745098,1792152.9411764706
elementwise_80_1,scalar,elementwise,N/A,0.2769445833758309,3.610830686090503,10.638264729934967,89.36173527006504,495376.5853658537,1788720.9756097563
elementwise_80_2,scalar,elementwise,N/A,0.2795406487342914,3.5772972715339106,10.542847495425884,89.45715250457411,501037.81094527367,1792361.194029851
elementwise_80_3,scalar,elementwise,N/A,0.27796756114070004,3.5975420869121693,10.487607674845291,89.5123923251547,497831.862745098,1790971.0784313725
elementwise_85_1,scalar,elementwise,N/A,0.27505533358959294,3.635632099729028,10.678522031219128,89.32147796878087,491025.1231527094,1785186.6995073895
elementwise_85_2,scalar,elementwise,N/A,0.27477420172039674,3.6393518523168145,10.810062932861074,89.18993706713893,492920.297029703,1793910.396039604
elementwise_85_3,scalar,elementwise,N/A,0.2771468469962851,3.60819547773316,10.720801848009083,89.27919815199091,495479.31034482765,1787786.206896552
elementwise_90_1,scalar,elementwise,N/A,0.27199062332926643,3.676597331774264,10.602984508677826,89.39701549132218,486296.56862745096,1787916.6666666667
elementwise_90_2,scalar,elementwise,N/A,0.27442046802241155,3.6440430526426013,10.754093136278533,89.24590686372147,491816.5,1792200.5
elementwise_90_3,scalar,elementwise,N/A,0.27535034250105833,3.631736902583139,10.558753915495599,89.4412460845044,492295.09803921566,1787886.2745098039
elementwise_95_1,scalar,elementwise,N/A,0.27128868295955894,3.686110268555029,10.700987406417745,89.29901259358225,485594.58128078823,1789955.1724137932
elementwise_95_2,scalar,elementwise,N/A,0.2729249600940471,3.6640107949650713,10.701957188982341,89.29804281101767,487420.8955223881,1785915.4228855723
elementwise_95_3,scalar,elementwise,N/A,0.27172987220332795,3.680125382945485,10.832943934485954,89.16705606551405,485605.91133004933,1787090.6403940888
elementwise_95_4,scalar,elementwise,N/A,0.27466540977477305,3.640793359527888,10.71119337183347,89.28880662816653,491832.5,1790660.5
matmul_50_1,scalar,standard,N/A,0.6410423861324085,1.5599592501726527,2.13188075942697,97.86811924057302,1151524.60456942,1796331.4586994727
matmul_50_2,scalar,standard,N/A,0.6428613170176883,1.5555454551832755,2.1214326368641925,97.8785673631358,1154298.2394366197,1795563.3802816903
matmul_50_3,scalar,standard,N/A,0.6429888979638735,1.5552368060578634,2.1695636458181404,97.83043635418186,1154685.9154929577,1795810.0352112676
matmul_55_1,scalar,standard,N/A,0.608078904300972,1.6445234211003716,2.376047838130879,97.62395216186913,1091436.1818181819,1794892.3636363635
matmul_55_2,scalar,standard,N/A,0.6213191805694778,1.6094787208781123,2.343054357204487,97.6569456427955,1116734.450651769,1797360.3351955307
matmul_55_3,scalar,standard,N/A,0.6104734427651282,1.6380728954735828,2.3559503646607443,97.64404963533926,1097351.282051282,1797541.3919413919
matmul_60_1,scalar,standard,N/A,0.5946465428897217,1.6816712582577844,2.576173143063734,97.42382685693627,1068409.0373280942,1796712.7701375247
matmul_60_2,scalar,standard,N/A,0.6036891590831854,1.6564816262705238,2.5601508599471385,97.43984914005286,1084980.0399201596,1797249.500998004
matmul_60_3,scalar,standard,N/A,0.602330463479239,1.6602182035152333,2.558052335160153,97.44194766483984,1080884.8906560636,1794504.7713717693
matmul_65_1,scalar,standard,N/A,0.583203535291908,1.7146672464862116,2.8458934137715484,97.15410658622845,1046154.5064377682,1793806.8669527897
matmul_65_2,scalar,standard,N/A,0.5816681021491223,1.7191934649764067,2.864482845398876,97.13551715460113,1044688.8650963597,1796022.2698072805
matmul_65_3,scalar,standard,N/A,0.5859236096642272,1.7067071261611488,2.833690836094263,97.16630916390574,1051990.2807775377,1795439.3088552917
matmul_70_1,scalar,standard,N/A,0.5557786360771851,1.7992775092224356,3.1901251532356545,96.80987484676434,998282.6388888889,1796187.4999999998
matmul_70_2,scalar,standard,N/A,0.5572556144066703,1.7945086135466493,3.1543466516336647,96.84565334836634,1001619.2575406033,1797414.3851508123
matmul_70_3,scalar,standard,N/A,0.557076420777368,1.7950858494505255,3.1586144671732477,96.84138553282675,998976.3888888889,1793248.3796296294
matmul_75_1,scalar,standard,N/A,0.529116334551752,1.8899435430341864,3.590028618687388,96.40997138131262,950471.8987341772,1796338.2278481012
matmul_75_2,scalar,standard,N/A,0.5248472246598604,1.9053163530550694,3.554734529456832,96.44526547054316,942092.4812030075,1794984.2105263157
matmul_75_3,scalar,standard,N/A,0.5318400106932911,1.880264703470559,3.621854554100734,96.37814544589926,955738.4223918575,1797041.2213740458
matmul_80_1,scalar,standard,N/A,0.501538196479926,1.9938660844150176,4.141143242925185,95.85885675707482,900373.8028169015,1795224.7887323943
matmul_80_2,scalar,standard,N/A,0.4810339871877085,2.0788551882713047,4.225989120602704,95.7740108793973,863467.8378378378,1795024.5945945946
matmul_80_3,scalar,standard,N/A,0.4895118794369919,2.0428513423415624,4.185469628126652,95.81453037187335,878907.4175824176,1795477.1978021977
matmul_85_1,scalar,standard,N/A,0.4604865974243859,2.17161586372599,4.9848775449985245,95.01512245500147,824965.2037617555,1791507.5235109718
matmul_85_2,scalar,standard,N/A,0.44890416746084705,2.2276469511440187,4.932672647226776,95.06732735277322,805225.0764525994,1793757.1865443424
matmul_85_3,scalar,standard,N/A,0.44728202552530777,2.235725879718855,4.987250083151632,95.01274991684838,802033.5365853659,1793127.1341463416
matmul_90_1,scalar,standard,N/A,0.40920489686518796,2.4437635220417433,6.092544051259647,93.90745594874035,734124.4680851065,1794026.5957446808
matmul_90_2,scalar,standard,N/A,0.40794454270009955,2.4513135863546776,6.072896609174212,93.92710339082578,731671.0247349823,1793555.1236749117
matmul_90_3,scalar,standard,N/A,0.4015953241500104,2.490068832640252,6.104445372202356,93.89555462779764,720497.5694444445,1794088.5416666667
matmul_95_1,scalar,standard,N/A,0.34002622244246794,2.940949650344096,7.961017442378387,92.03898255762162,609239.5161290322,1791742.7419354839
matmul_95_2,scalar,standard,N/A,0.3414135162471996,2.928999446161213,7.9093942884144,92.09060571158561,610561.4457831325,1788334.1365461845
matmul_95_3,scalar,standard,N/A,0.3414198675376602,2.9289449592141716,7.938559397743922,92.06144060225607,612310.162601626,1793422.7642276422
matmul_95_4,scalar,standard,N/A,0.34053343951029275,2.9365691705286245,8.002100790183581,91.99789920981642,610850.406504065,1793804.4715447156
results_vector_elementwise_50_1,vector,elementwise,16,0.2641535476265707,3.7856769632096055,10.337764693971325,89.66223530602868,473089.2523364486,1790963.0841121494
results_vector_elementwise_50_1,vector,elementwise,32,0.259004321315931,3.860939442706091,10.46531473522521,89.5346852647748,463544.19642857136,1789716.0714285714
results_vector_elementwise_50_1,vector,elementwise,4,0.2692588843449272,3.7138978809663925,10.606582801998966,89.39341719800103,481875.84541062807,1789637.6811594204
results_vector_elementwise_50_1,vector,elementwise,8,0.26846002326001234,3.7249493904404054,10.33790409189248,89.66209590810752,481865.8653846154,1794925.9615384615
results_vector_elementwise_50_2,vector,elementwise,16,0.2651223478192452,3.7718434836801418,10.521612341846573,89.47838765815342,474593.89671361505,1790093.8967136152
results_vector_elementwise_50_2,vector,elementwise,32,0.25716521573889833,3.888550779026457,10.668301176691054,89.33169882330894,460367.4107142857,1790162.0535714284
results_vector_elementwise_50_2,vector,elementwise,4,0.2702274652479909,3.7005860935796746,10.522550544323483,89.47744945567652,484828.0193236715,1794147.8260869568
results_vector_elementwise_50_2,vector,elementwise,8,0.2684870590385719,3.7245743000832534,10.49063836749959,89.5093616325004,481616.3461538461,1793815.8653846153
results_vector_elementwise_50_3,vector,elementwise,16,0.2581534362329663,3.8736652689665005,10.713362524772252,89.28663747522775,461074.8858447489,1786049.7716894979
results_vector_elementwise_50_3,vector,elementwise,32,0.25856517794966205,3.867496806529307,10.661314143858215,89.33868585614178,464040.72398190043,1794676.0180995476
results_vector_elementwise_50_3,vector,elementwise,4,0.2701206277005825,3.7020497416748883,10.60840854404012,89.39159145595988,484260.38647343,1792756.0386473432
results_vector_elementwise_50_3,vector,elementwise,8,0.2658357162216559,3.7617217664092664,10.539732839695974,89.46026716030403,475866.028708134,1790075.5980861245
results_vector_elementwise_55_1,vector,elementwise,16,0.2661091239253892,3.7578568718311836,10.56381733481024,89.43618266518976,475886.7298578199,1788314.2180094789
results_vector_elementwise_55_1,vector,elementwise,32,0.261124368705066,3.8295927912016405,10.484090608439876,89.51590939156013,467302.2624434389,1789577.3755656108
results_vector_elementwise_55_1,vector,elementwise,4,0.2672677616072431,3.741566113273048,10.432854119649845,89.56714588035015,478532.057416268,1790459.3301435409
results_vector_elementwise_55_1,vector,elementwise,8,0.26996431996324355,3.7041932064805936,10.50610902625347,89.49389097374653,483243.9024390244,1790028.7804878051
results_vector_elementwise_55_2,vector,elementwise,16,0.26401551261503936,3.787656225557089,10.473175323008471,89.52682467699154,472743.72093023255,1790590.6976744186
results_vector_elementwise_55_2,vector,elementwise,32,0.26047661066957056,3.8391162931268217,10.487303856097352,89.51269614390264,465623.9819004525,1787584.6153846155
results_vector_elementwise_55_2,vector,elementwise,4,0.2708539788217204,3.6920262510088984,10.727993456238595,89.2720065437614,484106.8292682927,1787335.1219512196
results_vector_elementwise_55_2,vector,elementwise,8,0.265165478151998,3.7712299767271387,10.60912951333766,89.39087048666235,475518.0952380952,1793288.0952380951
results_vector_elementwise_55_3,vector,elementwise,16,0.26338870731149133,3.796669987135668,10.651119725051396,89.34888027494861,472245.07042253524,1792958.6854460095
results_vector_elementwise_55_3,vector,elementwise,32,0.25852900892851965,3.8680378814916225,10.39607843137255,89.60392156862746,464033.48416289594,1794899.0950226244
results_vector_elementwise_55_3,vector,elementwise,4,0.2702283158165844,3.700574445643006,10.643834335753684,89.3561656642463,484567.1497584541,1793176.811594203
results_vector_elementwise_55_3,vector,elementwise,8,0.26530307462754354,3.7692740704339385,10.728571540837256,89.27142845916275,475140.66985645937,1790935.4066985648
results_vector_elementwise_60_1,vector,elementwise,16,0.26347658692255393,3.7954036511560667,10.575379967903332,89.42462003209667,470877.9342723005,1787171.8309859156
results_vector_elementwise_60_1,vector,elementwise,32,0.2619127214291415,3.8180657836833722,10.535585684315997,89.46441431568401,469006.39269406395,1790697.2602739728
results_vector_elementwise_60_1,vector,elementwise,4,0.2728114909875252,3.665534748482155,10.603400987383434,89.39659901261656,488066.17647058825,1789023.5294117646
results_vector_elementwise_60_1,vector,elementwise,8,0.2667339728492433,3.749053745640399,10.522106616695808,89.47789338330419,476317.7033492823,1785740.6698564594
results_vector_elementwise_60_2,vector,elementwise,16,0.26437177771492004,3.7825520130909354,10.510777660562736,89.48922233943726,474406.6350710901,1794467.7725118485
results_vector_elementwise_60_2,vector,elementwise,32,0.25776666481116234,3.879477591614073,10.641980529906094,89.35801947009391,460990.134529148,1788400.8968609865
results_vector_elementwise_60_2,vector,elementwise,4,0.26964495052835086,3.708580479777457,10.621492085514284,89.37850791448571,482581.46341463417,1789692.1951219514
results_vector_elementwise_60_2,vector,elementwise,8,0.2679695351425525,3.7317674916591814,10.449287353450833,89.55071264654917,479569.23076923075,1789640.8653846153
results_vector_elementwise_60_3,vector,elementwise,16,0.26362825074864216,3.79322017712531,10.474943552433517,89.52505644756648,471961.0328638498,1790252.1126760563
results_vector_elementwise_60_3,vector,elementwise,32,0.2600419586671519,3.8455332559618904,10.500547473799468,89.49945252620053,465911.76470588235,1791679.185520362
results_vector_elementwise_60_3,vector,elementwise,4,0.2694474997426325,3.7112981228445894,10.61878877724702,89.38121122275298,482810.67961165047,1791854.3689320388
results_vector_elementwise_60_3,vector,elementwise,8,0.2672913530000879,3.741235879035979,10.632740621053705,89.3672593789463,478225.48076923075,1789154.3269230768
results_vector_elementwise_65_1,vector,elementwise,16,0.2665822438588684,3.751187571702679,10.57409205364402,89.42590794635598,477533.49282296654,1791317.7033492825
results_vector_elementwise_65_1,vector,elementwise,32,0.2632667403334168,3.7984289194052394,10.553271467167862,89.44672853283214,471363.7614678899,1790441.743119266
results_vector_elementwise_65_1,vector,elementwise,4,0.2700157332659167,3.703487896444836,10.541519086973633,89.45848091302638,482966.34146341466,1788660.0000000002
results_vector_elementwise_65_1,vector,elementwise,8,0.26878328652456307,3.720469426988028,10.531967425127172,89.46803257487282,480223.67149758455,1786657.4879227055
results_vector_elementwise_65_2,vector,elementwise,16,0.2652539035830081,3.7699727939613967,10.550015324044605,89.44998467595539,475047.8672985782,1790917.5355450239
results_vector_elementwise_65_2,vector,elementwise,32,0.25789180305665865,3.877595131553292,10.511428548917026,89.48857145108298,461815.8371040724,1790734.8416289594
results_vector_elementwise_65_2,vector,elementwise,4,0.26847348522031944,3.7247626117691377,10.521853139990423,89.47814686000957,481933.4951456311,1795087.8640776698
results_vector_elementwise_65_2,vector,elementwise,8,0.2674041079074385,3.7396583314499727,10.482699029888849,89.51730097011115,478809.6618357488,1790584.541062802
results_vector_elementwise_65_3,vector,elementwise,16,0.26761618970004414,3.7366947086454054,10.526895423294159,89.47310457670584,479060.76555023924,1790103.8277511962
results_vector_elementwise_65_3,vector,elementwise,32,0.2654642741342194,3.7669852309181064,10.512086765426634,89.48791323457337,475165.4205607476,1789941.121495327
results_vector_elementwise_65_3,vector,elementwise,4,0.26973014125100264,3.707409173339032,10.735364617307043,89.26463538269296,483915.6097560976,1794073.1707317075
results_vector_elementwise_65_3,vector,elementwise,8,0.26831369787880505,3.726980798616146,10.597639171100798,89.4023608288992,481088.29268292687,1793006.8292682928
results_vector_elementwise_70_1,vector,elementwise,16,0.2685809110192292,3.7232727977767723,10.59853694450101,89.401463055499,481217.7033492823,1791704.7846889955
results_vector_elementwise_70_1,vector,elementwise,32,0.258705314636836,3.865401843034322,10.427204966986558,89.57279503301343,463760.90909090906,1792622.2727272725
results_vector_elementwise_70_1,vector,elementwise,4,0.26762073777043227,3.7366312055301556,10.744303398249626,89.25569660175037,479489.32038834953,1791674.7572815535
results_vector_elementwise_70_1,vector,elementwise,8,0.26482912974951034,3.776019658206988,10.759723163752739,89.24027683624726,475237.0192307692,1794504.3269230768
results_vector_elementwise_70_2,vector,elementwise,16,0.2624275640440296,3.8105753244435174,10.530224033873669,89.46977596612633,470399.05660377356,1792491.037735849
results_vector_elementwise_70_2,vector,elementwise,32,0.25789763451375,3.87750745323988,10.515051740357478,89.48494825964252,461888.7387387387,1790977.027027027
results_vector_elementwise_70_2,vector,elementwise,4,0.27194509543188444,3.677212852145279,10.610914714980115,89.38908528501989,486794.58128078823,1790047.2906403942
results_vector_elementwise_70_2,vector,elementwise,8,0.26818651350846096,3.728748276405969,10.53302708696341,89.46697291303659,479358.5365853659,1787407.3170731708
results_vector_elementwise_70_3,vector,elementwise,16,0.2659958772390033,3.759456764442546,10.722599723165976,89.27740027683403,477070.95238095237,1793527.619047619
results_vector_elementwise_70_3,vector,elementwise,32,0.26218933096784763,3.8140377272736177,10.51006341328922,89.48993658671078,470463.5944700461,1794365.8986175116
results_vector_elementwise_70_3,vector,elementwise,4,0.2670381856426298,3.744782783007197,10.68970405254288,89.31029594745712,478372.46376811597,1791400.966183575
results_vector_elementwise_70_3,vector,elementwise,8,0.268623992981491,3.7226756586441745,10.578654026051616,89.42134597394839,480687.3786407767,1789443.2038834952
results_vector_elementwise_75_1,vector,elementwise,16,0.2699932285200844,3.7037965932749737,10.640502404454569,89.35949759554543,483110.67961165047,1789343.6893203883
results_vector_elementwise_75_1,vector,elementwise,32,0.26414365567327047,3.7858187335642044,10.519617066017375,89.48038293398263,473300.4651162791,1791829.7674418606
results_vector_elementwise_75_1,vector,elementwise,4,0.27054787345627535,3.696203511877225,10.728176656943008,89.271823343057,485043.9024390244,1792820.9756097563
results_vector_elementwise_75_1,vector,elementwise,8,0.2693323272173511,3.712885156905061,10.5827214744679,89.4172785255321,482900.98039215687,1792955.8823529412
results_vector_elementwise_75_2,vector,elementwise,16,0.26636213249317037,3.7542874080482904,10.481013452071117,89.51898654792888,477809.56937799044,1793834.4497607658
results_vector_elementwise_75_2,vector,elementwise,32,0.26518320962857517,3.7709778134167498,10.449343774299201,89.55065622570079,475300.0,1792345.754716981
results_vector_elementwise_75_2,vector,elementwise,4,0.2677816299307423,3.7343861125150184,10.690349579937699,89.3096504200623,478879.71014492755,1788321.7391304348
results_vector_elementwise_75_2,vector,elementwise,8,0.2679283184867779,3.732341566758832,10.601495456839979,89.39850454316002,479122.81553398055,1788250.0
results_vector_elementwise_75_3,vector,elementwise,16,0.26436175598255357,3.7826954064641423,10.5723943037624,89.4276056962376,473719.5238095238,1791936.6666666665
results_vector_elementwise_75_3,vector,elementwise,32,0.26120629791453565,3.828391612238963,10.508244468825726,89.49175553117428,466910.09174311924,1787514.6788990824
results_vector_elementwise_75_3,vector,elementwise,4,0.2690551276368482,3.7167104332229273,10.650434123102933,89.34956587689706,482917.15686274506,1794863.2352941176
results_vector_elementwise_75_3,vector,elementwise,8,0.2652733041306531,3.7696970800630485,10.398538456086747,89.60146154391325,475214.42307692306,1791414.423076923
results_vector_elementwise_80_1,vector,elementwise,16,0.2674930449542904,3.7384149564370226,10.674979324384502,89.32502067561549,478013.0434782609,1787011.1111111112
results_vector_elementwise_80_1,vector,elementwise,32,0.2639387541112473,3.7887577493773836,10.557596629186735,89.44240337081327,473206.5420560747,1792864.953271028
results_vector_elementwise_80_1,vector,elementwise,4,0.26517601823603965,3.7710800797599866,10.688178863077777,89.31182113692222,474370.0483091788,1788887.4396135267
results_vector_elementwise_80_1,vector,elementwise,8,0.26476395126894237,3.7769492229107064,10.654644191229556,89.34535580877045,474811.96172248805,1793340.6698564594
results_vector_elementwise_80_2,vector,elementwise,16,0.2661073832762261,3.757881452548707,10.735236761042083,89.26476323895793,475432.85024154594,1786620.2898550725
results_vector_elementwise_80_2,vector,elementwise,32,0.26145144526561015,3.824801958865034,10.56281232209501,89.437187677905,467369.62616822426,1787596.2616822429
results_vector_elementwise_80_2,vector,elementwise,4,0.27156270245704284,3.682390810491308,10.56898339838338,89.43101660161662,486607.42574257427,1791878.712871287
results_vector_elementwise_80_2,vector,elementwise,8,0.26722488433956487,3.742166462047343,10.57542031730997,89.42457968269004,478432.03883495147,1790372.3300970874
results_vector_elementwise_80_3,vector,elementwise,16,0.26459408464960854,3.779373984585711,10.653827378234098,89.3461726217659,473740.2843601896,1790441.7061611374
results_vector_elementwise_80_3,vector,elementwise,32,0.25771178807919926,3.880303681307286,10.763471265283364,89.23652873471664,462278.44036697247,1793780.733944954
results_vector_elementwise_80_3,vector,elementwise,4,0.27003779472252415,3.7031853301407103,10.626909504298606,89.37309049570139,483958.82352941175,1792189.2156862745
results_vector_elementwise_80_3,vector,elementwise,8,0.26622557593703294,3.756213115439058,10.516669575842206,89.4833304241578,476345.1456310679,1789253.8834951455
results_vector_elementwise_85_1,vector,elementwise,16,0.27051417614025475,3.696663939273649,10.746118859673578,89.25388114032641,484074.50980392157,1789460.7843137255
results_vector_elementwise_85_1,vector,elementwise,32,0.262525509493838,3.8091536396902863,10.603756459151095,89.39624354084891,469270.6976744186,1787524.1860465116
results_vector_elementwise_85_1,vector,elementwise,4,0.2705990084049799,3.695505042292671,10.524097678893757,89.47590232110623,484073.7623762376,1788897.0297029703
results_vector_elementwise_85_1,vector,elementwise,8,0.26821631752029734,3.728333940474463,10.588959087574832,89.41104091242516,480728.29268292687,1792315.6097560977
results_vector_elementwise_85_2,vector,elementwise,16,0.2692954934359297,3.7133929990474135,10.533609984794728,89.46639001520526,481871.7073170732,1789379.0243902442
results_vector_elementwise_85_2,vector,elementwise,32,0.2670419705619615,3.7447297063289566,10.60202999065761,89.39797000934239,478011.00478468905,1790022.009569378
results_vector_elementwise_85_2,vector,elementwise,4,0.2713918643323467,3.6847088340695398,10.604819794391483,89.39518020560851,484600.0,1785609.900990099
results_vector_elementwise_85_2,vector,elementwise,8,0.27031276491958517,3.699418339705445,10.657162726008345,89.34283727399166,482981.862745098,1786751.9607843137
results_vector_elementwise_85_3,vector,elementwise,16,0.263403556793295,3.7964559483330986,10.536480346994665,89.46351965300533,471118.4834123223,1788580.5687203791
results_vector_elementwise_85_3,vector,elementwise,32,0.25829123942281135,3.8715985963544206,10.791174363778053,89.20882563622195,462117.1171171171,1789131.9819819818
results_vector_elementwise_85_3,vector,elementwise,4,0.268106637838025,3.7298591637411973,10.59029825513277,89.40970174486723,481072.33009708737,1794332.0388349514
results_vector_elementwise_85_3,vector,elementwise,8,0.2734099096799398,3.6575119064653654,10.579028496897354,89.42097150310263,490243.2835820896,1793070.6467661692
results_vector_elementwise_90_1,vector,elementwise,16,0.26244920564491675,3.8102611038303538,10.557764163194417,89.44223583680558,469818.5714285714,1790131.4285714284
results_vector_elementwise_90_1,vector,elementwise,32,0.2536241679757291,3.942841914401849,10.768774877663963,89.23122512233603,454190.04524886876,1790799.5475113122
results_vector_elementwise_90_1,vector,elementwise,4,0.26957374348025365,3.7095600895316805,10.710699542563875,89.28930045743613,483041.58415841585,1791871.7821782178
results_vector_elementwise_90_1,vector,elementwise,8,0.26542547718164516,3.767535847041711,10.679727536047363,89.32027246395263,474575.7281553398,1787981.067961165
results_vector_elementwise_90_2,vector,elementwise,16,0.2720434740402158,3.675883068057613,10.584090309901013,89.41590969009899,486586.56716417917,1788635.3233830847
results_vector_elementwise_90_2,vector,elementwise,32,0.26995341469294987,3.704342844254884,10.6008303771694,89.3991696228306,482123.3009708738,1785950.0
results_vector_elementwise_90_2,vector,elementwise,4,0.27040468619505875,3.698160760714928,10.596357973685883,89.40364202631412,484380.198019802,1791315.8415841584
results_vector_elementwise_90_2,vector,elementwise,8,0.2724870204268147,3.6698995733214477,10.650283643613864,89.34971635638614,488908.95522388065,1794246.7661691543
results_vector_elementwise_90_3,vector,elementwise,16,0.2692789260751628,3.713621465204722,10.698162646798838,89.30183735320117,482796.09756097564,1792921.9512195124
results_vector_elementwise_90_3,vector,elementwise,32,0.26752760535242,3.737932011474771,10.52480961541519,89.4751903845848,479735.4368932039,1793218.4466019417
results_vector_elementwise_90_3,vector,elementwise,4,0.26982625522508313,3.7060885686080542,10.60127714733318,89.39872285266682,482540.39408867,1788337.4384236454
results_vector_elementwise_90_3,vector,elementwise,8,0.2714150465518042,3.6843941141234144,10.496760601308432,89.50323939869158,485942.57425742573,1790403.9603960395
results_vector_elementwise_95_1,vector,elementwise,16,0.25993688996388686,3.8470876532335616,10.518001032032707,89.48199896796729,464784.9765258216,1788068.5446009391
results_vector_elementwise_95_1,vector,elementwise,32,0.2586947207392008,3.8655601364518564,10.558035891295212,89.44196410870478,464188.99082568806,1794350.4587155962
results_vector_elementwise_95_1,vector,elementwise,4,0.26622383898171553,3.756237622539433,10.66144995719418,89.33855004280582,476237.2549019608,1788860.294117647
results_vector_elementwise_95_1,vector,elementwise,8,0.2639108777235908,3.789157948416807,10.612176252943154,89.38782374705684,473495.12195121957,1794147.8048780488
results_vector_elementwise_95_2,vector,elementwise,16,0.2659359430836344,3.76030403564331,10.58163590070019,89.41836409929981,476566.5048543689,1792034.9514563107
results_vector_elementwise_95_2,vector,elementwise,32,0.26056522751994365,3.8378106300598382,10.692584226768046,89.30741577323195,466830.985915493,1791608.9201877934
results_vector_elementwise_95_2,vector,elementwise,4,0.26600771521569755,3.759289459665222,10.61441434294554,89.38558565705446,475666.9902912621,1788169.9029126214
results_vector_elementwise_95_2,vector,elementwise,8,0.2689448953200908,3.718233799566367,10.67656593119314,89.32343406880686,480723.88059701497,1787443.7810945276
results_vector_elementwise_95_3,vector,elementwise,16,0.27211873418548355,3.674866425471363,10.705255625347858,89.29474437465214,486712.37623762374,1788602.9702970297
results_vector_elementwise_95_3,vector,elementwise,32,0.267811061618012,3.733975713917052,10.725370187561698,89.2746298124383,478787.98076923075,1787782.6923076923
results_vector_elementwise_95_3,vector,elementwise,4,0.27265668374061125,3.667615942073653,10.74976045991696,89.25023954008304,489132.6633165829,1793950.7537688443
results_vector_elementwise_95_3,vector,elementwise,8,0.26970923168200495,3.707696595194892,10.62428840993957,89.37571159006042,483169.801980198,1791447.0297029703
results_vector_elementwise_95_4,vector,elementwise,16,0.2681551485974534,3.7291844114511874,10.834773880555401,89.1652261194446,480556.3725490196,1792083.3333333333
results_vector_elementwise_95_4,vector,elementwise,32,0.26680555163173986,3.7480479468442867,10.702157172238962,89.29784282776103,479107.80487804883,1795719.0243902442
results_vector_elementwise_95_4,vector,elementwise,4,0.2696715506315253,3.7082146695050646,10.686380383686952,89.31361961631305,482244.3349753695,1788265.5172413795
results_vector_elementwise_95_4,vector,elementwise,8,0.2695197015166587,3.7103039012463106,10.790406740687738,89.20959325931226,483627.5,1794405.0
results_vector_matmul_50_1,vector,standard,16,0.16266269245631515,6.147691181667615,9.455393260665963,90.54460673933403,291927.8333333333,1794682.1666666667
results_vector_matmul_50_1,vector,standard,32,0.16614237398546589,6.01893409857909,9.722963121021373,90.27703687897862,298568.47826086957,1797063.9945652173
results_vector_matmul_50_1,vector,standard,4,0.26439039517211965,3.7822856588606184,6.8344245089709625,93.16557549102905,474366.22340425535,1794188.5638297873
results_vector_matmul_50_1,vector,standard,8,0.19742583717153317,5.0651931597542195,7.941012635961184,92.05898736403881,354316.8674698795,1794683.3734939757
results_vector_matmul_50_2,vector,standard,16,0.16523035246938544,6.052156792350147,9.339209968186639,90.66079003181336,296921.3197969543,1797014.3824027071
results_vector_matmul_50_2,vector,standard,32,0.16744634598823158,5.972062239389098,9.794978961339696,90.2050210386603,300658.58310626703,1795551.7711171662
results_vector_matmul_50_2,vector,standard,4,0.2607624991233405,3.834907256073661,6.777038757915997,93.222961242084,468172.51308900525,1795398.167539267
results_vector_matmul_50_2,vector,standard,8,0.19851586869504248,5.037380671749657,7.956146117006292,92.04385388299372,356668.93203883496,1796677.1844660193
results_vector_matmul_50_3,vector,standard,16,0.16321874240214662,6.126747365422957,9.42414262852306,90.57585737147694,293071.7863105175,1795576.7946577629
results_vector_matmul_50_3,vector,standard,32,0.1661649457613242,6.018116489120267,9.659307328771954,90.34069267122804,298422.0568335589,1795938.700947226
results_vector_matmul_50_3,vector,standard,4,0.2633084331636037,3.797827467905904,6.785683813233087,93.21431618676691,472264.8936170213,1793580.585106383
results_vector_matmul_50_3,vector,standard,8,0.1989381522090357,5.0266878871441545,7.98275841791431,92.0172415820857,356814.59854014596,1793595.620437956
results_vector_matmul_55_1,vector,standard,16,0.16381382522862636,6.104490867021465,9.499273620897995,90.500726379102,294388.55633802817,1797092.253521127
results_vector_matmul_55_1,vector,standard,32,0.16605082670637722,6.0222524623034275,10.039307723319704,89.9606922766803,298378.4482758621,1796910.3448275863
results_vector_matmul_55_1,vector,standard,4,0.2602368702859276,3.842653037216745,7.042083748231224,92.95791625176878,467301.3812154696,1795677.0718232044
results_vector_matmul_55_1,vector,standard,8,0.1991672042120006,5.020906950802828,8.233745372858532,91.76625462714146,357913.0982367758,1797048.362720403
results_vector_matmul_55_2,vector,standard,16,0.16970181009719076,5.892689061049408,9.64930062842084,90.35069937157915,304930.36363636365,1796859.8181818181
results_vector_matmul_55_2,vector,standard,32,0.17076326969828903,5.856060274360157,10.067693458696919,89.93230654130309,306543.21533923305,1795135.5457227137
results_vector_matmul_55_2,vector,standard,4,0.2589224293566356,3.862160580235465,7.142894302852476,92.85710569714752,464932.7868852459,1795645.081967213
results_vector_matmul_55_2,vector,standard,8,0.201346917261408,4.966552324720738,8.320360956388491,91.6796390436115,361086.189258312,1793353.452685422
results_vector_matmul_55_3,vector,standard,16,0.16718975196363037,5.981227845936006,9.623672904045668,90.37632709595434,300118.3600713012,1795076.2923351158
results_vector_matmul_55_3,vector,standard,32,0.16680513739948347,5.995019191795568,10.05086117211883,89.94913882788117,299475.6132756133,1795362.0490620492
results_vector_matmul_55_3,vector,standard,4,0.2549928671718393,3.921678324147403,7.111166721408052,92.88883327859195,458042.58760107815,1796295.6873315363
results_vector_matmul_55_3,vector,standard,8,0.19533010121789504,5.119538636210903,8.309725582696025,91.69027441730397,350777.91563275433,1795821.0918114143
results_vector_matmul_60_1,vector,standard,16,0.16497943456173825,6.061361542767212,9.729575940100064,90.27042405989994,296208.9219330855,1795429.3680297397
results_vector_matmul_60_1,vector,standard,32,0.16763349500797603,5.965394922729612,10.118899265492825,89.88110073450719,301051.23456790124,1795889.5061728393
results_vector_matmul_60_1,vector,standard,4,0.25779778557043237,3.8790092699488765,7.323130107538645,92.67686989246135,461886.2464183381,1791661.0315186246
results_vector_matmul_60_1,vector,standard,8,0.2014787556777257,4.96330244167055,8.682386099123017,91.31761390087698,361334.84042553196,1793414.0957446808
results_vector_matmul_60_2,vector,standard,16,0.17386550985775143,5.7515720099872185,9.866723841009218,90.13327615899078,312493.34637964773,1797327.9843444226
results_vector_matmul_60_2,vector,standard,32,0.17154320245793078,5.829435300680246,10.173857988079558,89.82614201192044,307881.1616954474,1794773.3124018838
results_vector_matmul_60_2,vector,standard,4,0.26043503887845776,3.839729109824924,7.401689468468913,92.5983105315311,466695.3623188406,1791983.768115942
results_vector_matmul_60_2,vector,standard,8,0.20292191494126824,4.92800395802213,8.551248686251938,91.44875131374806,364357.06666666665,1795553.0666666667
results_vector_matmul_60_3,vector,standard,16,0.16660450732061446,6.002238571346664,9.668336945689218,90.33166305431078,298902.6365348399,1794084.9340866292
results_vector_matmul_60_3,vector,standard,32,0.16727939901034852,5.978022433821251,10.107125882051845,89.89287411794815,300439.23076923075,1796032.4615384615
results_vector_matmul_60_3,vector,standard,4,0.254685213484008,3.926415618403348,7.368323764787752,92.63167623521224,456377.4647887324,1791927.605633803
results_vector_matmul_60_3,vector,standard,8,0.20502642301630755,4.877420116335255,8.587532110149647,91.41246788985036,368360.05434782605,1796646.7391304348
results_vector_matmul_65_1,vector,standard,16,0.16780159555604562,5.959418899959153,10.535711765619046,89.46428823438094,301047.3267326733,1794067.1287128713
results_vector_matmul_65_1,vector,standard,32,0.16618920267735893,6.0172380870098285,10.25190966206138,89.74809033793862,298390.31198686373,1795485.550082102
results_vector_matmul_65_1,vector,standard,4,0.25724132936493965,3.887400218575816,7.701951130561634,92.29804886943836,460804.5045045045,1791331.5315315316
results_vector_matmul_65_1,vector,standard,8,0.21128284282208923,4.732991977214403,8.79586932519322,91.20413067480678,379390.4347826087,1795651.884057971
results_vector_matmul_65_2,vector,standard,16,0.1820936223241252,5.491680528052806,10.565863696030085,89.43413630396991,327213.8228941685,1796953.7796976243
results_vector_matmul_65_2,vector,standard,32,0.17696441083657055,5.650853724049159,10.370398196844478,89.62960180315552,317950.87412587414,1796693.8811188813
results_vector_matmul_65_2,vector,standard,4,0.2550727096810862,3.920450765784728,7.583083802564817,92.41691619743519,456776.26112759643,1790768.8427299703
results_vector_matmul_65_2,vector,standard,8,0.21353273889344523,4.683122621768127,8.727935446893737,91.27206455310628,383275.87209302327,1794927.9069767443
results_vector_matmul_65_3,vector,standard,16,0.17081490390723597,5.8542900948682295,9.826187552786038,90.17381244721396,306798.98580121703,1796090.2636916838
results_vector_matmul_65_3,vector,standard,32,0.16809880941289362,5.948882109829491,10.209270776963164,89.79072922303683,301992.75123558484,1796519.2751235585
results_vector_matmul_65_3,vector,standard,4,0.25734111783567154,3.8858928118846627,7.6473829827122906,92.35261701728771,462099.0990990991,1795667.5675675676
results_vector_matmul_65_3,vector,standard,8,0.20756936588211644,4.817666594250347,8.771351571436881,91.22864842856312,371881.9209039548,1791603.1073446327
results_vector_matmul_70_1,vector,standard,16,0.17243921908270596,5.799144796175261,10.279667971444963,89.72033202855503,309464.43965517246,1794629.0948275863
results_vector_matmul_70_1,vector,standard,32,0.16997193458775686,5.883324223056942,10.636450792260831,89.36354920773917,305232.0855614973,1795779.322638146
results_vector_matmul_70_1,vector,standard,4,0.25651698271667384,3.898377368271606,7.972864933236281,92.02713506676372,460281.329113924,1794350.316455696
results_vector_matmul_70_1,vector,standard,8,0.21728221097501976,4.602309574781374,9.101531808016977,90.89846819198303,390030.65015479876,1795041.7956656348
results_vector_matmul_70_2,vector,standard,16,0.1875777740223623,5.331122011719702,10.208064305509208,89.7919356944908,336899.06103286386,1796050.0
results_vector_matmul_70_2,vector,standard,32,0.17814368651957246,5.613446199173222,10.36919178970546,89.63080821029455,320091.01123595505,1796813.6704119851
results_vector_matmul_70_2,vector,standard,4,0.2537774363067291,3.940460643598535,8.063563291781287,91.93643670821872,454893.4375,1792489.6875
results_vector_matmul_70_2,vector,standard,8,0.2156038545489778,4.638136002215277,9.098636610065123,90.90136338993487,386529.05198776757,1792774.3119266054
results_vector_matmul_70_3,vector,standard,16,0.17408447423540763,5.744337652120195,10.003172405837226,89.99682759416278,312537.6623376623,1795321.8614718614
results_vector_matmul_70_3,vector,standard,32,0.1705788853477197,5.86239028330811,10.420180722891565,89.57981927710843,306265.29516994633,1795446.6905187836
results_vector_matmul_70_3,vector,standard,4,0.2566305111037598,3.8966528013330586,8.05491332942008,91.94508667057993,460285.39682539686,1793572.380952381
results_vector_matmul_70_3,vector,standard,8,0.21507555921464702,4.649528768640757,9.199645003832345,90.80035499616766,385385.01529051986,1791858.7155963304
results_vector_matmul_75_1,vector,standard,16,0.18083854368999297,5.529794586901093,10.518771584537117,89.4812284154629,324739.47368421056,1795742.5837320576
results_vector_matmul_75_1,vector,standard,32,0.17449846795324303,5.730709339339017,10.51809324447044,89.48190675552956,313098.22134387353,1794274.901185771
results_vector_matmul_75_1,vector,standard,4,0.2580083295200904,3.8758438607778856,8.562496454615932,91.43750354538408,463115.593220339,1794963.7288135593
results_vector_matmul_75_1,vector,standard,8,0.22597695735024131,4.425229951433065,9.346471223146827,90.65352877685318,405031.5436241611,1792357.7181208055
results_vector_matmul_75_2,vector,standard,16,0.19400522345883217,5.154500390100061,10.391339802048345,89.60866019795166,348416.53746770025,1795913.1782945737
results_vector_matmul_75_2,vector,standard,32,0.1865939013855698,5.3592319608219245,10.467975549029129,89.53202445097087,334673.5169491526,1793593.0084745763
results_vector_matmul_75_2,vector,standard,4,0.24883606603208075,4.018710052549523,8.340764931231552,91.65923506876845,446484.36482084694,1794291.2052117265
results_vector_matmul_75_2,vector,standard,8,0.21785696104409072,4.590167765158609,9.34044481628669,90.65955518371331,390552.10355987056,1792699.6763754047
results_vector_matmul_75_3,vector,standard,16,0.18062681609686151,5.53627651535278,10.3115864951912,89.6884135048088,324177.990430622,1794738.9952153112
results_vector_matmul_75_3,vector,standard,32,0.17560406937884074,5.694628851923941,10.496808560202513,89.50319143979749,315481.52610441763,1796550.2008032126
results_vector_matmul_75_3,vector,standard,4,0.2535874263043062,3.9434131832703527,8.48196890279925,91.51803109720075,455061.7940199336,1794496.677740864
results_vector_matmul_75_3,vector,standard,8,0.2225135683619874,4.49410796546658,9.519684214203375,90.48031578579663,399152.6490066225,1793835.0993377483
results_vector_matmul_80_1,vector,standard,16,0.1906213625516815,5.246001741955227,11.0380245255519,88.9619754744481,341670.2412868633,1792402.6809651474
results_vector_matmul_80_1,vector,standard,32,0.1839054891360756,5.4375755976488485,10.896767466110532,89.10323253388947,330509.3607305936,1797169.6347031964
results_vector_matmul_80_1,vector,standard,4,0.2566636791561076,3.896149245923423,8.931277002573722,91.06872299742628,460141.78571428574,1792781.0714285716
results_vector_matmul_80_1,vector,standard,8,0.23261237805168325,4.29899736366486,9.743449191111239,90.25655080888876,416563.6690647482,1790806.1151079137
results_vector_matmul_80_2,vector,standard,16,0.19148865105328913,5.222241602828521,10.875816393643218,89.12418360635678,343059.2991913747,1791538.5444743936
results_vector_matmul_80_2,vector,standard,32,0.18712178683758685,5.34411314096714,10.878119991748783,89.12188000825122,335593.5034802785,1793449.6519721579
results_vector_matmul_80_2,vector,standard,4,0.24268183450178574,4.120621562190481,8.896305061759582,91.10369493824042,435338.30508474575,1793864.4067796608
results_vector_matmul_80_2,vector,standard,8,0.21841824109544997,4.578372186245171,9.655734512380718,90.34426548761928,392382.3728813559,1796472.5423728812
results_vector_matmul_80_3,vector,standard,16,0.18960159287578776,5.274217293391213,10.864889276720172,89.13511072327984,340358.44504021446,1795124.3967828418
results_vector_matmul_80_3,vector,standard,32,0.18179155914815412,5.5008054537066435,11.015457788347206,88.9845422116528,326358.69074492104,1795235.6659142214
results_vector_matmul_80_3,vector,standard,4,0.25068936110422674,3.9890005526969277,8.990765916992972,91.00923408300703,449164.3356643357,1791716.7832167833
results_vector_matmul_80_3,vector,standard,8,0.22758490637421466,4.3939645028819,9.909668640252464,90.09033135974754,408115.54770318023,1793245.2296819787
results_vector_matmul_85_1,vector,standard,16,0.20717375981969774,4.826866109251939,10.842337723795252,89.15766227620475,372071.473354232,1795939.184952978
results_vector_matmul_85_1,vector,standard,32,0.1953599036802845,5.118757642492219,11.067908127605904,88.9320918723941,350206.5963060686,1792622.691292876
results_vector_matmul_85_1,vector,standard,4,0.2582862003031876,3.8716741305813334,9.429616010482048,90.57038398951795,463989.5348837209,1796416.2790697673
results_vector_matmul_85_1,vector,standard,8,0.23520523183263065,4.251606106753563,10.439868054714925,89.56013194528506,421165.5172413793,1790629.8850574715
results_vector_matmul_85_2,vector,standard,16,0.19711007419772045,5.073307409934326,10.894301297724281,89.10569870227572,353415.6804733728,1792986.3905325443
results_vector_matmul_85_2,vector,standard,32,0.1943407004593183,5.14560253017783,11.03505762787939,88.96494237212062,349046.4566929134,1796054.3307086613
results_vector_matmul_85_2,vector,standard,4,0.24792731105024218,4.033440268294409,9.404203553824193,90.5957964461758,443418.8191881919,1788503.3210332103
results_vector_matmul_85_2,vector,standard,8,0.22707520081267177,4.403827438756561,10.14271380864669,89.85728619135331,407621.69117647054,1795095.588235294
results_vector_matmul_85_3,vector,standard,16,0.19618035484742544,5.097350347733472,11.113198831920206,88.88680116807978,351332.5513196481,1790865.102639296
results_vector_matmul_85_3,vector,standard,32,0.1896481246202287,5.272923220319235,11.15439521885359,88.84560478114642,340665.4639175258,1796302.8350515463
results_vector_matmul_85_3,vector,standard,4,0.24891448526140342,4.0174439786010305,9.505320982183678,90.49467901781632,445909.6654275093,1791417.1003717473
results_vector_matmul_85_3,vector,standard,8,0.228084871213522,4.38433287871973,10.247341829424629,89.75265817057537,408432.5925925926,1790704.4444444443
results_vector_matmul_90_1,vector,standard,16,0.2235998178154171,4.472275558048556,11.288775699352833,88.71122430064717,400161.1510791367,1789630.9352517987
results_vector_matmul_90_1,vector,standard,32,0.20505503569484004,4.876739537809672,11.105920535011801,88.8940794649882,367509.48012232414,1792248.0122324158
results_vector_matmul_90_1,vector,standard,4,0.25505280612883197,3.9207567059461454,9.99366923621197,90.00633076378803,457665.71428571426,1794395.9183673467
results_vector_matmul_90_1,vector,standard,8,0.23952242986119393,4.174974346158361,10.57720823512885,89.42279176487115,429419.51219512196,1792815.4471544717
results_vector_matmul_90_2,vector,standard,16,0.22056785247609353,4.53375226160116,11.23517659190513,88.76482340809487,395745.19572953734,1794210.6761565837
results_vector_matmul_90_2,vector,standard,32,0.20671086693328689,4.837675032937366,11.127197179757728,88.87280282024227,370633.53846153844,1793004.6153846155
results_vector_matmul_90_2,vector,standard,4,0.25270916126204235,3.9571181155679094,10.113608572889571,89.88639142711044,451946.5863453815,1788406.0240963853
results_vector_matmul_90_2,vector,standard,8,0.23672318602909612,4.224343279483777,10.493832013774776,89.50616798622522,424634.81781376514,1793803.2388663967
results_vector_matmul_90_3,vector,standard,16,0.21808446688988126,4.585379299411252,11.06485291507318,88.93514708492683,390898.5915492958,1792418.309859155
results_vector_matmul_90_3,vector,standard,32,0.20315713034237545,4.922298313205773,11.137340107493507,88.86265989250649,364794.54545454547,1795627.575757576
results_vector_matmul_90_3,vector,standard,4,0.2478051264618289,4.035429025533242,10.084960746934058,89.91503925306594,443184.46215139446,1788439.4422310758
results_vector_matmul_90_3,vector,standard,8,0.23436710194706262,4.266810451177887,10.726461485286956,89.27353851471305,419887.6,1791580.8
results_vector_matmul_95_1,vector,standard,16,0.23575591587325437,4.2416751083252295,11.54854561044786,88.45145438955214,422668.9795918367,1792824.4897959183
results_vector_matmul_95_1,vector,standard,32,0.22538240174764215,4.436903645741106,11.537848739213926,88.46215126078607,403375.18796992477,1789736.8421052631
results_vector_matmul_95_1,vector,standard,4,0.2549772545640795,3.9219184539014855,10.634603698237695,89.3653963017623,456882.89473684214,1791857.456140351
results_vector_matmul_95_1,vector,standard,8,0.24551785377245475,4.073023548531005,11.041836236366596,88.95816376363341,440449.1228070176,1793959.6491228072
results_vector_matmul_95_2,vector,standard,16,0.23547441355437815,4.246745898653952,11.545569578102628,88.45443042189737,422575.3086419753,1794569.9588477365
results_vector_matmul_95_2,vector,standard,32,0.2284633806190169,4.377069083415121,11.414703686104135,88.58529631389587,409923.55212355213,1794263.7065637067
results_vector_matmul_95_2,vector,standard,4,0.2529200499419414,3.9538186088036644,10.582454458293384,89.41754554170662,453955.9471365639,1794859.4713656388
results_vector_matmul_95_2,vector,standard,8,0.24603490177704648,4.064463995869117,10.908212876716814,89.09178712328318,440221.1453744493,1789262.9955947136
results_vector_matmul_95_3,vector,standard,16,0.2349526463736503,4.256176788958905,11.262925583356065,88.73707441664394,420601.6260162602,1790154.8780487806
results_vector_matmul_95_3,vector,standard,32,0.22947492409815295,4.3577746192968405,11.330715785803818,88.66928421419618,411710.6463878327,1794142.205323194
results_vector_matmul_95_3,vector,standard,4,0.25106229044921863,3.98307526873402,10.577505177632627,89.42249482236737,449612.1739130435,1790839.1304347827
results_vector_matmul_95_3,vector,standard,8,0.24328966468501353,4.110326681138294,10.923737046632125,89.07626295336787,435255.17241379316,1789040.9482758623
results_vector_matmul_95_4,vector,standard,16,0.2350800878443684,4.253869433050563,11.194362753196973,88.80563724680303,422015.1020408163,1795197.1428571427
results_vector_matmul_95_4,vector,standard,32,0.23245949846676678,4.301824647285658,11.190250867493482,88.80974913250652,416413.4615384615,1791337.6923076923
results_vector_matmul_95_4,vector,standard,4,0.24852775003042807,4.0236955425604055,10.734179636137608,89.26582036386239,444316.73819742486,1787795.278969957
results_vector_matmul_95_4,vector,standard,8,0.23920416278471043,4.180529253163643,10.975089084848186,89.0249109151518,427876.39484978537,1788749.7854077253
results_vector_sparse_sparse_50_1,vector,sparse,16,0.20107975574183604,4.9731510579507985,12.525501020040803,87.47449897995921,360688.1927710843,1793756.8674698793
results_vector_sparse_sparse_50_1,vector,sparse,32,0.17910529623016028,5.583307814163934,12.082080443002173,87.91791955699783,321545.1448040886,1795285.5195911413
results_vector_sparse_sparse_50_1,vector,sparse,4,0.24427222101911888,4.09379337457177,12.94462472521721,87.05537527478279,437336.84210526315,1790366.6666666665
results_vector_sparse_sparse_50_1,vector,sparse,8,0.22434081454278093,4.457503651478023,13.073563650561814,86.92643634943819,402724.2424242424,1795144.781144781
results_vector_sparse_sparse_50_2,vector,sparse,16,0.18972236490779582,5.270859871929149,12.420639330295959,87.57936066970404,340338.9583333334,1793878.9583333335
results_vector_sparse_sparse_50_2,vector,sparse,32,0.16899251497229276,5.9174218465472,12.356567717589241,87.64343228241076,303623.13117066293,1796666.149506347
results_vector_sparse_sparse_50_2,vector,sparse,4,0.24520192531833057,4.078271403055917,11.66559529045573,88.33440470954427,439718.0272108844,1793289.455782313
results_vector_sparse_sparse_50_2,vector,sparse,8,0.22397878327478704,4.464708600426478,12.220252446461496,87.7797475535385,401611.8032786886,1793079.6721311477
results_vector_sparse_sparse_50_3,vector,sparse,16,0.2012197875273657,4.969690169581364,12.627958337063896,87.37204166293611,360999.2788461538,1794054.5673076923
results_vector_sparse_sparse_50_3,vector,sparse,32,0.1781766278055026,5.612408385524048,12.321449916327994,87.67855008367201,319858.43270868825,1795176.1499148211
results_vector_sparse_sparse_50_3,vector,sparse,4,0.24418676695947147,4.0952260126609294,12.52416575607296,87.47583424392704,437132.74647887325,1790157.3943661973
results_vector_sparse_sparse_50_3,vector,sparse,8,0.22314692601857194,4.481352344135686,13.300310673705706,86.69968932629429,399702.3411371237,1791207.023411371
results_vector_sparse_sparse_55_1,vector,sparse,16,0.20169160793454374,4.958064493811444,12.25381110253266,87.74618889746733,362258.1453634085,1796099.2481203007
results_vector_sparse_sparse_55_1,vector,sparse,32,0.18059033390171217,5.53739493357523,12.462084250497348,87.53791574950264,324328.9855072464,1795937.6811594204
results_vector_sparse_sparse_55_1,vector,sparse,4,0.24347166648973753,4.107254098259316,12.995052155846382,87.00494784415362,436424.1007194245,1792504.6762589929
results_vector_sparse_sparse_55_1,vector,sparse,8,0.22583834588780702,4.427945998580704,13.174727617763645,86.82527238223635,404765.8620689655,1792281.3793103448
results_vector_sparse_sparse_55_2,vector,sparse,16,0.19160454008251926,5.2190830111297215,12.12152703033722,87.87847296966278,344197.1982758621,1796393.7500000002
results_vector_sparse_sparse_55_2,vector,sparse,32,0.17034616319842324,5.8703993164505635,12.17351720844154,87.82648279155846,305988.18316100445,1796272.8212703103
results_vector_sparse_sparse_55_2,vector,sparse,4,0.24178383134978582,4.135925857479327,12.235047650345054,87.76495234965495,433994.88054607506,1794970.6484641638
results_vector_sparse_sparse_55_2,vector,sparse,8,0.22246206302098043,4.495148460012662,12.761797383988526,87.23820261601148,398510.19736842107,1791362.5
results_vector_sparse_sparse_55_3,vector,sparse,16,0.20265716483819718,4.934441872797375,12.659341325992827,87.34065867400717,363887.4371859296,1795581.407035176
results_vector_sparse_sparse_55_3,vector,sparse,32,0.18030851716490773,5.546049713699401,12.22713301774617,87.77286698225383,323710.7142857143,1795315.7142857143
results_vector_sparse_sparse_55_3,vector,sparse,4,0.23996833587037236,4.167216463676217,12.93444071390705,87.06555928609295,429398.24561403506,1789395.4385964912
results_vector_sparse_sparse_55_3,vector,sparse,8,0.22527581746526146,4.43900286880195,13.006476712571011,86.99352328742899,404301.7301038062,1794696.5397923875
results_vector_sparse_sparse_60_1,vector,sparse,16,0.2046091751761312,4.887366361450714,12.289599189763202,87.7104008102368,367500.7832898172,1796110.9660574412
results_vector_sparse_sparse_60_1,vector,sparse,32,0.18458524965755196,5.417550979047511,12.344188550117268,87.65581144988273,331516.40625,1796007.03125
results_vector_sparse_sparse_60_1,vector,sparse,4,0.24183684034152972,4.135019290641442,13.47356205120766,86.52643794879235,433792.3076923077,1793739.5604395606
results_vector_sparse_sparse_60_1,vector,sparse,8,0.2280880387160406,4.384271992644714,12.598963715162913,87.40103628483709,409514.94661921705,1795424.9110320285
results_vector_sparse_sparse_60_2,vector,sparse,16,0.1916240701440582,5.218551089371106,12.004243388648936,87.99575661135106,343960.53215077607,1794975.6097560977
results_vector_sparse_sparse_60_2,vector,sparse,32,0.17419068563532686,5.740835087437042,11.87653311529027,88.12346688470973,313195.800933126,1798005.4432348367
results_vector_sparse_sparse_60_2,vector,sparse,4,0.24455054810251872,4.089134159620804,11.738379233539415,88.26162076646058,438231.5789473684,1791987.7192982456
results_vector_sparse_sparse_60_2,vector,sparse,8,0.2233791332237711,4.476693886166374,11.956228145098297,88.04377185490169,399887.79661016946,1790175.2542372881
results_vector_sparse_sparse_60_3,vector,sparse,16,0.20385550838078523,4.9054352661007465,12.37497307112301,87.62502692887699,366209.7368421053,1796418.1578947369
results_vector_sparse_sparse_60_3,vector,sparse,32,0.1862339287357457,5.369590851616182,12.347414254067681,87.65258574593233,334416.9921875,1795682.421875
results_vector_sparse_sparse_60_3,vector,sparse,4,0.23942721206005046,4.176634691587149,12.260804865891803,87.7391951341082,429109.7472924188,1792234.6570397113
results_vector_sparse_sparse_60_3,vector,sparse,8,0.22687007020889313,4.407809276381141,12.698047368030291,87.3019526319697,406945.58303886926,1793738.51590106
results_vector_sparse_sparse_65_1,vector,sparse,16,0.20854046977808277,4.795232316605715,12.31409735674561,87.6859026432544,374422.25352112675,1795441.6901408453
results_vector_sparse_sparse_65_1,vector,sparse,32,0.18667616672604204,5.356870229007634,12.641487325704018,87.35851267429598,335426.0504201681,1796833.8235294118
results_vector_sparse_sparse_65_1,vector,sparse,4,0.2423252836094454,4.126684533718304,12.939254811937136,87.06074518806287,433776.77902621723,1790059.9250936331
results_vector_sparse_sparse_65_1,vector,sparse,8,0.22907135840148984,4.365451914103183,12.889080031640951,87.11091996835904,410742.5925925926,1793077.0370370368
results_vector_sparse_sparse_65_2,vector,sparse,16,0.18841613457169068,5.3074011006181046,11.405324878719584,88.59467512128042,337902.46085011185,1793383.8926174499
results_vector_sparse_sparse_65_2,vector,sparse,32,0.172577005783621,5.794514717990943,11.790877053503856,88.20912294649614,309920.2551834131,1795837.480063796
results_vector_sparse_sparse_65_2,vector,sparse,4,0.24697630545724258,4.048971411037337,11.615629042236094,88.3843709577639,442371.119133574,1791148.0144404331
results_vector_sparse_sparse_65_2,vector,sparse,8,0.2248355199573478,4.447695809762195,11.906576016879615,88.09342398312039,403096.2068965517,1792849.3103448276
results_vector_sparse_sparse_65_3,vector,sparse,16,0.20654605224125208,4.841535285467328,12.158266152407306,87.84173384759269,370251.6574585635,1792586.4640883978
results_vector_sparse_sparse_65_3,vector,sparse,32,0.18995850207751963,5.264307672798519,12.05993269673712,87.94006730326288,341100.4282655246,1795657.601713062
results_vector_sparse_sparse_65_3,vector,sparse,4,0.2418451456152284,4.134877288754777,12.861375239192913,87.13862476080708,433052.80898876407,1790620.224719101
results_vector_sparse_sparse_65_3,vector,sparse,8,0.22898412931640827,4.367114886893357,12.741723464557356,87.25827653544265,409869.59706959705,1789947.6190476192
results_vector_sparse_sparse_70_1,vector,sparse,16,0.21178364184544962,4.721799999689098,12.164898292315419,87.83510170768459,379521.5339233038,1792024.7787610618
results_vector_sparse_sparse_70_1,vector,sparse,32,0.18994217441880026,5.264760199044142,12.276284822943461,87.72371517705653,341003.355704698,1795300.8948545863
results_vector_sparse_sparse_70_1,vector,sparse,4,0.24080243844569194,4.152781867387649,13.47117841155396,86.52882158844604,430949.6212121212,1789639.7727272727
results_vector_sparse_sparse_70_1,vector,sparse,8,0.2287057940967979,4.372429670831855,12.836331947775525,87.16366805222448,409070.5223880597,1788632.0895522386
results_vector_sparse_sparse_70_2,vector,sparse,16,0.19064491372382583,5.245353681182553,11.190386493115087,88.80961350688492,342473.5498839907,1796394.8955916476
results_vector_sparse_sparse_70_2,vector,sparse,32,0.1733169854910596,5.769774942523357,11.636313082163214,88.36368691783679,311384.7682119205,1796620.0331125828
results_vector_sparse_sparse_70_2,vector,sparse,4,0.24805192085734765,4.031414054540181,10.690713957759412,89.30928604224059,444772.8624535316,1793063.5687732343
results_vector_sparse_sparse_70_2,vector,sparse,8,0.22666814554543888,4.411735921664986,11.034744664690901,88.9652553353091,405821.9858156029,1790379.4326241135
results_vector_sparse_sparse_70_3,vector,sparse,16,0.21199521496411222,4.717087601101213,12.07663734115347,87.92336265884653,380645.5621301775,1795538.4615384615
results_vector_sparse_sparse_70_3,vector,sparse,32,0.19152043912667752,5.221374828503652,12.19254457561491,87.8074554243851,343566.8181818182,1793891.1363636362
results_vector_sparse_sparse_70_3,vector,sparse,4,0.24429105166731552,4.093477813349613,12.772963604852686,87.22703639514732,438515.1750972763,1795052.1400778212
results_vector_sparse_sparse_70_3,vector,sparse,8,0.23636579403318064,4.230730610113668,12.70030040233835,87.29969959766166,422960.6177606178,1789432.4324324324
results_vector_sparse_sparse_75_1,vector,sparse,16,0.21552799974531214,4.639768388245113,11.94060961726554,88.05939038273446,386854.28571428574,1794914.2857142857
results_vector_sparse_sparse_75_1,vector,sparse,32,0.1954691579686486,5.115896596640533,12.296636872226866,87.70336312777314,350816.6666666667,1794741.7910447763
results_vector_sparse_sparse_75_1,vector,sparse,4,0.24255357047275897,4.1228005757693404,13.485685197754057,86.51431480224593,435101.19521912356,1793835.4581673308
results_vector_sparse_sparse_75_1,vector,sparse,8,0.23226955279380185,4.30534259859601,12.655230807827394,87.3447691921726,416489.4941634241,1793129.9610894942
results_vector_sparse_sparse_75_2,vector,sparse,16,0.19358812778136353,5.165606028947136,10.556008274305773,89.44399172569423,347850.2439024391,1796857.3170731708
results_vector_sparse_sparse_75_2,vector,sparse,32,0.17528150379984916,5.705108515852775,10.800679021077945,89.19932097892206,314907.66550522647,1796582.4041811847
results_vector_sparse_sparse_75_2,vector,sparse,4,0.2461592556472453,4.062410724190011,9.810598618963422,90.18940138103659,440575.18796992477,1789797.3684210526
results_vector_sparse_sparse_75_2,vector,sparse,8,0.22625948389244782,4.4197042386755765,10.1414595851324,89.85854041486759,405293.1407942238,1791275.8122743682
results_vector_sparse_sparse_75_3,vector,sparse,16,0.2146767208674027,4.65816692168342,11.761519342298133,88.23848065770187,385370.2194357367,1795118.8087774294
results_vector_sparse_sparse_75_3,vector,sparse,32,0.19820910143990497,5.045177001133775,12.06659317492376,87.93340682507625,356136.2720403022,1796770.5289672543
results_vector_sparse_sparse_75_3,vector,sparse,4,0.24519776250331743,4.078340641409689,12.010872469898375,87.98912753010161,438762.15139442234,1789421.5139442233
results_vector_sparse_sparse_75_3,vector,sparse,8,0.23164263020631645,4.316994670235496,12.539561020654602,87.4604389793454,415927.734375,1795557.8125
results_vector_sparse_sparse_80_1,vector,sparse,16,0.21643131494755127,4.620403476467046,12.295001392597932,87.70499860740206,387804.0268456376,1791811.0738255035
results_vector_sparse_sparse_80_1,vector,sparse,32,0.20262360366371168,4.9352591796742,12.058823529411764,87.94117647058823,363096.1538461538,1791973.6263736263
results_vector_sparse_sparse_80_1,vector,sparse,4,0.24191285816698896,4.133719917069123,13.027999842476273,86.97200015752374,433308.9795918367,1791177.9591836734
results_vector_sparse_sparse_80_1,vector,sparse,8,0.23565315118256247,4.243524837167535,12.851341284653525,87.14865871534647,421995.5465587044,1790748.5829959512
results_vector_sparse_sparse_80_2,vector,sparse,16,0.1984739006051401,5.038445845781407,10.993127285880792,89.00687271411921,355779.0322580645,1792573.387096774
results_vector_sparse_sparse_80_2,vector,sparse,32,0.17985429875410924,5.56005615060203,10.912793956282513,89.08720604371749,322587.86692759296,1793606.653620352
results_vector_sparse_sparse_80_2,vector,sparse,4,0.24396561887219778,4.098938221798595,10.148804171911527,89.85119582808846,437141.47286821704,1791815.8914728682
results_vector_sparse_sparse_80_2,vector,sparse,8,0.22803863333450747,4.385221860776154,10.507654866224508,89.4923451337755,409526.8939393939,1795866.2878787878
results_vector_sparse_sparse_80_3,vector,sparse,16,0.22142706995301062,4.516159655692556,11.96267475815266,88.03732524184734,397542.12328767125,1795363.6986301371
results_vector_sparse_sparse_80_3,vector,sparse,32,0.20580352105387262,4.859003358539395,11.796389751552795,88.2036102484472,369357.8212290503,1794710.8938547485
results_vector_sparse_sparse_80_3,vector,sparse,4,0.24616405816374998,4.062331468937652,12.257384629903425,87.74261537009657,441482.57261410786,1793448.5477178423
results_vector_sparse_sparse_80_3,vector,sparse,8,0.23633321038507032,4.231313907895748,12.147442833441534,87.85255716655847,422991.8699186992,1789811.382113821
results_vector_sparse_sparse_85_1,vector,sparse,16,0.22532000988966788,4.4381322390748545,11.859016937894387,88.14098306210562,404069.85294117645,1793315.4411764704
results_vector_sparse_sparse_85_1,vector,sparse,32,0.21295243988163637,4.695884210370268,11.993635218457866,88.00636478154213,381824.52830188675,1793003.7735849055
results_vector_sparse_sparse_85_1,vector,sparse,4,0.24265836290360288,4.121020137258795,12.75885481498246,87.24114518501754,435401.69491525425,1794299.152542373
results_vector_sparse_sparse_85_1,vector,sparse,8,0.23716516867875695,4.216470764113393,12.227305719342027,87.77269428065797,425417.1548117155,1793758.9958158995
results_vector_sparse_sparse_85_2,vector,sparse,16,0.20654084749326185,4.841657290249203,11.106134879403287,88.89386512059671,370760.5421686747,1795095.4819277108
results_vector_sparse_sparse_85_2,vector,sparse,32,0.18915083179159212,5.2867861617537475,10.987701362821957,89.01229863717805,339210.18518518517,1793331.712962963
results_vector_sparse_sparse_85_2,vector,sparse,4,0.2415226974166968,4.140397613540683,10.662931549582128,89.33706845041787,433570.68273092364,1795155.0200803212
results_vector_sparse_sparse_85_2,vector,sparse,8,0.23180923364164568,4.313892006329229,10.970686747084264,89.02931325291574,415702.39043824706,1793295.2191235062
results_vector_sparse_sparse_85_3,vector,sparse,16,0.2279295612912254,4.387320338507127,11.611053266564198,88.3889467334358,408697.0479704797,1793084.8708487086
results_vector_sparse_sparse_85_3,vector,sparse,32,0.21610711317469775,4.6273349604721945,11.781618610747051,88.21838138925295,388071.69811320753,1795737.7358490566
results_vector_sparse_sparse_85_3,vector,sparse,4,0.2512203776207801,3.9805688116173084,11.85610077444648,88.14389922555353,449434.347826087,1789004.3478260871
results_vector_sparse_sparse_85_3,vector,sparse,8,0.2416005064947717,4.1390641704703555,11.948820808126555,88.05117919187344,432162.44725738396,1788748.1012658228
results_vector_sparse_sparse_90_1,vector,sparse,16,0.23131544861124365,4.323100795920609,11.845236593590487,88.15476340640951,413918.97233201587,1789413.438735178
results_vector_sparse_sparse_90_1,vector,sparse,32,0.2208174715932651,4.528627163352141,11.84262207402579,88.15737792597422,395676.5734265734,1791871.6783216784
results_vector_sparse_sparse_90_1,vector,sparse,4,0.2488735287078192,4.018105120267785,12.702617418454793,87.29738258154521,445306.7264573991,1789289.2376681615
results_vector_sparse_sparse_90_1,vector,sparse,8,0.2415477653441114,4.1399679213566305,12.027342447482495,87.9726575525175,432599.1228070176,1790946.4912280703
results_vector_sparse_sparse_90_2,vector,sparse,16,0.21394995465739094,4.673990240387531,11.474719928624936,88.52528007137506,382715.3583617747,1788807.8498293515
results_vector_sparse_sparse_90_2,vector,sparse,32,0.20068591483887732,4.982910737920297,11.228618188766397,88.77138181123361,359998.03921568627,1793838.0952380954
results_vector_sparse_sparse_90_2,vector,sparse,4,0.24395800787822963,4.099066100339468,10.95187799062205,89.04812200937795,437392.8270042194,1792902.1097046412
results_vector_sparse_sparse_90_2,vector,sparse,8,0.23442854506003705,4.265692131237262,11.059768632285348,88.94023136771465,420017.8423236514,1791666.804979253
results_vector_sparse_sparse_90_3,vector,sparse,16,0.2419163915020871,4.133659541591553,11.640759059251035,88.35924094074896,433227.27272727276,1790814.0495867769
results_vector_sparse_sparse_90_3,vector,sparse,32,0.23224867877920413,4.305729553582035,11.631685622874755,88.36831437712524,416253.13653136534,1792273.4317343174
results_vector_sparse_sparse_90_3,vector,sparse,4,0.25554945455900085,3.9131368983967896,11.767321596205472,88.23267840379452,457330.1369863014,1789595.4337899543
results_vector_sparse_sparse_90_3,vector,sparse,8,0.2528503937328926,3.95490782211866,11.669983416252073,88.33001658374793,453064.8401826484,1791829.6803652968
results_vector_sparse_sparse_95_1,vector,sparse,16,0.23748506667335012,4.210791078394224,11.763306369383454,88.23669363061654,425185.04273504275,1790365.3846153847
results_vector_sparse_sparse_95_1,vector,sparse,32,0.23279711070542422,4.2955859588196335,11.919925654994842,88.08007434500516,416888.2591093117,1790779.3522267204
results_vector_sparse_sparse_95_1,vector,sparse,4,0.25246920499856823,3.960879110011342,12.119912906778307,87.88008709322169,451492.5581395349,1788307.441860465
results_vector_sparse_sparse_95_1,vector,sparse,8,0.2460026424422374,4.064996985692154,11.95455238159744,88.04544761840256,440062.5570776256,1788852.9680365296
results_vector_sparse_sparse_95_2,vector,sparse,16,0.23064011490794226,4.335759199561361,11.58321895327326,88.41678104672674,413106.8273092369,1791131.7269076305
results_vector_sparse_sparse_95_2,vector,sparse,32,0.21990731659182802,4.547370298988774,11.545193467806346,88.45480653219366,393560.6382978724,1789665.9574468087
results_vector_sparse_sparse_95_2,vector,sparse,4,0.24544615901748532,4.074213277579793,11.354652952875485,88.64534704712452,440074.5535714285,1792957.589285714
results_vector_sparse_sparse_95_2,vector,sparse,8,0.23813386614469415,4.199318711738309,11.282220697483334,88.71777930251666,425858.14977973566,1788314.0969162995
results_vector_sparse_sparse_95_3,vector,sparse,16,0.24483509647602314,4.0843817507917235,11.744895095379434,88.25510490462057,437622.0264317181,1787415.4185022027
results_vector_sparse_sparse_95_3,vector,sparse,32,0.23866487288083565,4.189975625358557,11.778542937987933,88.22145706201206,427456.0165975104,1791030.2904564315
results_vector_sparse_sparse_95_3,vector,sparse,4,0.25204787774889686,3.967500178661499,12.26035462855497,87.73964537144504,451174.2990654205,1790034.1121495327
results_vector_sparse_sparse_95_3,vector,sparse,8,0.2534144592785769,3.9461047441681547,11.663994599611847,88.33600540038815,454019.2488262911,1791607.5117370894
results_vector_sparse_sparse_95_4,vector,sparse,16,0.23418714980844077,4.270089118117603,11.320929918454862,88.67907008154515,418889.51612903224,1788695.564516129
results_vector_sparse_sparse_95_4,vector,sparse,32,0.22467063470956128,4.450959963204498,11.50728093332198,88.49271906667802,402420.7272727273,1791158.5454545454
results_vector_sparse_sparse_95_4,vector,sparse,4,0.24872750632360405,4.020464060372002,11.174962791466843,88.82503720853315,444835.4260089686,1788444.8430493274
results_vector_sparse_sparse_95_4,vector,sparse,8,0.24421815217039763,4.0946997228210655,11.215212422694272,88.78478757730572,436816.14349775785,1788630.941704036
sparse_sparse_50_1,scalar,sparse,N/A,0.4790452382404924,2.0874855236489704,7.975419758934681,92.02458024106532,858218.9102564103,1791519.5512820513
sparse_sparse_50_2,scalar,sparse,N/A,0.5396475926832861,1.8530611709536342,7.191698173920039,92.80830182607997,967404.2296072508,1792659.2145015106
sparse_sparse_50_3,scalar,sparse,N/A,0.484583197997669,2.0636291231971486,7.9693466317451085,92.03065336825489,870285.294117647,1795946.0784313725
sparse_sparse_55_1,scalar,sparse,N/A,0.46614334416247477,2.1452628521312724,8.292565636762134,91.70743436323787,835903.6789297658,1793233.1103678928
sparse_sparse_55_2,scalar,sparse,N/A,0.5329525356261996,1.876339698478096,7.214152847587762,92.78584715241223,955937.2670807453,1793663.0434782607
sparse_sparse_55_3,scalar,sparse,N/A,0.46138692588213004,2.167378276027416,8.2023786669592,91.79762133304081,828722.6229508197,1796155.4098360657
sparse_sparse_60_1,scalar,sparse,N/A,0.4445948027142727,2.2492390686867045,8.458207330349584,91.54179266965042,796329.9319727891,1791136.3945578232
sparse_sparse_60_2,scalar,sparse,N/A,0.5252036440633042,1.9040233465696732,7.192773967463386,92.80722603253662,940755.2050473186,1791219.8738170348
sparse_sparse_60_3,scalar,sparse,N/A,0.44973706926044144,2.2235214047274874,8.444380278640006,91.55561972135999,805354.6075085324,1790723.2081911261
sparse_sparse_65_1,scalar,sparse,N/A,0.43128002424817374,2.318679149917142,8.72649511139441,91.2735048886056,773662.7240143369,1793875.6272401433
sparse_sparse_65_2,scalar,sparse,N/A,0.520980271876901,1.9194584785281148,7.045540398740818,92.95445960125917,935336.7213114755,1795340.0
sparse_sparse_65_3,scalar,sparse,N/A,0.4258981353852348,2.3479792863978535,8.687383397330219,91.31261660266978,763436.6548042705,1792533.4519572954
sparse_sparse_70_1,scalar,sparse,N/A,0.40406708289343474,2.4748365861411474,9.082393454872298,90.91760654512771,723451.6245487365,1790424.5487364621
sparse_sparse_70_2,scalar,sparse,N/A,0.5146467723550404,1.9430802906311206,7.0912626753715795,92.90873732462842,924037.5,1795479.054054054
sparse_sparse_70_3,scalar,sparse,N/A,0.40348920139345196,2.4783810732641545,8.942363860582853,91.05763613941716,724196.0144927537,1794833.695652174
sparse_sparse_75_1,scalar,sparse,N/A,0.3818788877291782,2.618631278483199,9.458111411220461,90.54188858877954,684215.1515151515,1791707.1969696968
sparse_sparse_75_2,scalar,sparse,N/A,0.5027134403425543,1.9892048227685926,6.943841252927034,93.05615874707297,901223.3676975945,1792717.8694158075
sparse_sparse_75_3,scalar,sparse,N/A,0.387333092532361,2.5817571988545023,9.11570038282367,90.88429961717634,695598.0988593156,1795865.3992395438
sparse_sparse_80_1,scalar,sparse,N/A,0.361843769012455,2.7636236565001595,9.791722512795257,90.20827748720475,647850.3968253968,1790414.6825396826
sparse_sparse_80_2,scalar,sparse,N/A,0.46417500429206277,2.154359865898319,7.668025253736115,92.3319747462639,832892.673992674,1794350.5494505495
sparse_sparse_80_3,scalar,sparse,N/A,0.3670115126638853,2.7247101671053437,9.47279865395401,90.527201346046,658750.0,1794902.822580645
sparse_sparse_85_1,scalar,sparse,N/A,0.343742381049506,2.90915538824984,10.165826006944679,89.83417399305532,616755.744680851,1794238.2978723403
sparse_sparse_85_2,scalar,sparse,N/A,0.4159414834915845,2.404184337675548,8.270147823630735,91.72985217636926,744451.9083969465,1789799.6183206106
sparse_sparse_85_3,scalar,sparse,N/A,0.3449335756198489,2.8991089029329506,9.522540232565888,90.47745976743411,616839.4957983193,1788284.87394958
sparse_sparse_90_1,scalar,sparse,N/A,0.3105688739949883,3.219897690121184,10.644619933598262,89.35538006640174,555734.632034632,1789408.6580086579
sparse_sparse_90_2,scalar,sparse,N/A,0.36409349737126523,2.746547266622294,9.167439132820038,90.83256086717996,652068.0161943319,1790935.6275303643
sparse_sparse_90_3,scalar,sparse,N/A,0.32929783441492666,3.036764580540683,9.971136751336996,90.028863248663,589310.502283105,1789597.2602739728
sparse_sparse_95_1,scalar,sparse,N/A,0.28723878828614524,3.48142396076329,10.945631712988595,89.05436828701141,513614.88372093026,1788111.1627906978
sparse_sparse_95_2,scalar,sparse,N/A,0.3090670075300931,3.235544317691795,10.247373029772328,89.75262697022767,552142.8571428572,1786482.683982684
sparse_sparse_95_3,scalar,sparse,N/A,0.28960679222207997,3.4529576890350255,10.965486767560401,89.0345132324396,517872.429906542,1788191.5887850467
sparse_sparse_95_4,scalar,sparse,N/A,0.3186667948346946,3.1380740516712464,9.905166416462231,90.09483358353776,571928.3783783783,1794753.6036036036
